{
  "hash": "f8831c0b",
  "configHash": "1571b64b",
  "lockfileHash": "f0c2d8ee",
  "browserHash": "41858cf5",
  "optimized": {
    "@angular/common": {
      "src": "../../../../../../node_modules/@angular/common/fesm2022/common.mjs",
      "file": "@angular_common.js",
      "fileHash": "aa0a46f6",
      "needsInterop": false
    },
    "@angular/common/http": {
      "src": "../../../../../../node_modules/@angular/common/fesm2022/http.mjs",
      "file": "@angular_common_http.js",
      "fileHash": "da24a6ef",
      "needsInterop": false
    },
    "@angular/core": {
      "src": "../../../../../../node_modules/@angular/core/fesm2022/core.mjs",
      "file": "@angular_core.js",
      "fileHash": "8de0968e",
      "needsInterop": false
    },
    "@angular/forms": {
      "src": "../../../../../../node_modules/@angular/forms/fesm2022/forms.mjs",
      "file": "@angular_forms.js",
      "fileHash": "371f6e4f",
      "needsInterop": false
    },
    "@angular/platform-browser": {
      "src": "../../../../../../node_modules/@angular/platform-browser/fesm2022/platform-browser.mjs",
      "file": "@angular_platform-browser.js",
      "fileHash": "cd3c7e54",
      "needsInterop": false
    },
    "@angular/router": {
      "src": "../../../../../../node_modules/@angular/router/fesm2022/router.mjs",
      "file": "@angular_router.js",
      "fileHash": "c44caa5b",
      "needsInterop": false
    },
    "rxjs": {
      "src": "../../../../../../node_modules/rxjs/dist/esm5/index.js",
      "file": "rxjs.js",
      "fileHash": "edeab8b8",
      "needsInterop": false
    },
    "rxjs/operators": {
      "src": "../../../../../../node_modules/rxjs/dist/esm5/operators/index.js",
      "file": "rxjs_operators.js",
      "fileHash": "5802d658",
      "needsInterop": false
    }
  },
  "chunks": {
    "chunk-KMI5NHMG": {
      "file": "chunk-KMI5NHMG.js"
    },
    "chunk-BDJ5465E": {
      "file": "chunk-BDJ5465E.js"
    },
    "chunk-OAAQGOGY": {
      "file": "chunk-OAAQGOGY.js"
    },
    "chunk-H7GDEUG2": {
      "file": "chunk-H7GDEUG2.js"
    },
    "chunk-O54MWSEB": {
      "file": "chunk-O54MWSEB.js"
    },
    "chunk-6Q4RANH6": {
      "file": "chunk-6Q4RANH6.js"
    },
    "chunk-FFZIAYYX": {
      "file": "chunk-FFZIAYYX.js"
    },
    "chunk-CXCX2JKZ": {
      "file": "chunk-CXCX2JKZ.js"
    }
  }
}